seed,image_id,bosr_mse,additive_clipped_mse,favorable_effect_mse,bosr_psnr_db,additive_clipped_psnr_db,favorable_effect_psnr_db,bosr_ssim,additive_clipped_ssim,favorable_effect_ssim,bosr_delta_e00,additive_clipped_delta_e00,favorable_effect_delta_e00
20260801,0.png,0.0001440788367258,0.0001354274491109,-6.388208351923886,38.41399806612482,38.68293301757045,-0.2689349514456296,0.9860076904296876,0.99165141582489,-0.005643725395202415,1.0590064399289358,1.0069534009771075,-5.169359267401862
20260801,1.png,0.0003657269744679,0.0003544903953018,-3.169783812205582,34.368430067645775,34.50395527262105,-0.13552520497527354,0.9843044877052308,0.9888996481895448,-0.004595160484313965,1.8073663490940164,1.7766026884589097,-1.731600477414128
20260801,10.png,0.0015763387332163,0.0015626960168853,-0.873024323578437,28.023504529888395,28.06125494807967,-0.037750418191276225,0.9824703335762024,0.9855092763900756,-0.00303894281387318,3.860922462304019,3.816601295356764,-1.1612731725783314
20260801,11.png,0.0018985472551862,0.0018363681309555,-3.3859836261886644,27.21578588721076,27.360402527554196,-0.14461664034343613,0.9820833802223206,0.98686945438385,-0.00478607416152943,4.045310973568348,3.9564141481093777,-2.246903942082278
20260801,12.png,0.0006097391793281,0.0005499229962241,-10.877192536902795,32.14855898106956,32.59698118971641,-0.44842220864684634,0.9814034104347228,0.9867191314697266,-0.005315721035003773,2.6940106920801266,2.4442931192152733,-10.216351341079081
20260801,13.png,0.000286561346783,0.0002672714073916,-7.217359903798761,35.42782390389911,35.73047499441146,-0.30265109051234873,0.9855489134788512,0.9905952215194702,-0.0050463080406190075,1.5721496056553204,1.4924776697699649,-5.338233026805372
20260801,14.png,0.0007027150610485,0.0006775505972863,-3.7140346216190756,31.5322073827978,31.69058267535832,-0.15837529256052107,0.9847054481506348,0.9872265458106996,-0.0025210976600648083,2.609609925080205,2.578864287926512,-1.19221617429174
20260801,15.png,0.0002456117189872,0.0002804244252338,12.414291735670096,36.0975091534006,35.52184161595888,0.5756675374417242,0.9828587174415588,0.9871095418930054,-0.004250824451446533,1.410121250444619,1.4900855111178326,5.366420925281395
20260801,16.png,0.0010497305737277,0.0010830461466854,3.0760991172592647,29.789221536520596,29.653530384588013,0.1356911519325834,0.9842897653579712,0.9882858395576476,-0.003996074199676403,3.0590429442648195,3.110856724841224,1.6655791365334915
20260801,17.png,0.0025978055376715,0.0025341048142931,-2.5137367254546503,25.85393361760705,25.961754260241086,-0.10782064263403512,0.9781716465950012,0.9818286299705504,-0.0036569833755492054,4.917176655907546,4.811688637034596,-2.1923284491234467
20260801,18.png,0.0006345342767194,0.000664250642836,4.473667648965588,31.9754491291044,31.7766801662412,0.1987689628632019,0.984325110912323,0.9884361028671264,-0.004110991954803356,2.4887843856676577,2.509197002916941,0.8135119412925113
20260801,19.png,0.0002202144524833,0.0002376224936135,7.3259230914875815,36.57154182059066,36.24112450938966,0.33041731120100337,0.9864223003387452,0.9914876222610474,-0.005065321922302135,1.4105185551971706,1.4159302617732423,0.38220149128632563
20260801,2.png,0.0002535251155358,0.0002776586841815,8.691811213051905,35.95979010696266,35.56488738783789,0.39490271912476516,0.9846891164779664,0.9902607798576356,-0.0055716633796691895,1.429140187880486,1.4150115793692437,-0.9984800631483297
20260801,20.png,0.001927475545737,0.0018703053826456,-3.0567287899546765,27.15011123221933,27.280874762604498,-0.13076353038516686,0.9791236519813538,0.9830796122550964,-0.003955960273742676,3.883380975205871,3.806987604301895,-2.0066619291760084
20260801,21.png,0.0004777824416556,0.000437266677507,-9.265687561557078,33.20769814469325,33.59253617386948,-0.38483802917622967,0.9837239980697632,0.9887595772743224,-0.005035579204559215,2.128559112246702,2.037308063773465,-4.479000996256953
20260801,22.png,0.0003043542507187,0.0002696384032679,-12.874964037043316,35.166206283587314,35.69218253310248,-0.5259762495151676,0.9850736856460572,0.990676760673523,-0.005603075027465709,1.6966534234994697,1.5690851176494702,-8.130107437453747
20260801,23.png,0.0012598621125654,0.0012593892712256,-0.037545288863689935,28.99676984270418,28.99840010785695,-0.0016302651527695389,0.9827446341514589,0.9858956933021544,-0.0031510591506955787,3.585816095401857,3.5946958155721074,0.24702285327686813
20260801,24.png,0.0012783908259041,0.0014460346558868,11.59334800865407,28.933363546395054,28.398212985490527,0.5351505609045262,0.9826216101646424,0.9876198768615724,-0.004998266696929932,2.5689185929873224,2.645043332337845,2.87801482946743
20260801,25.png,0.0013042637426585,0.0013410609766602,2.74388969943339,28.84634578543233,28.72551474777022,0.12083103766211067,0.9820268750190736,0.9859935641288756,-0.003966689109802024,3.460928509202035,3.47728122172804,0.4702729369089763
20260801,26.png,0.0005282914916111,0.000543668457218,2.8283718510331273,32.77126383778517,32.6466586334471,0.12460520433806721,0.9884564876556396,0.9918935298919678,-0.003437042236328125,2.1235307568130595,2.164410636641292,1.8887303146721417
20260801,27.png,0.0009867488345762,0.0010529636068701,6.288419833494653,30.05793377866241,29.77586638889161,0.28206738977079837,0.983372449874878,0.9886132478713988,-0.005240797996520774,2.7925906766503754,2.821458755799863,1.0231614795057897
20260801,28.png,0.0005803003900064,0.0005964679521182,2.710550005978552,32.363471375561346,32.24412885760787,0.11934251795347706,0.9872317910194396,0.9893301129341124,-0.0020983219146728516,2.28475529000347,2.276129086432204,-0.3789856920983126
20260801,29.png,0.0002209909442814,0.0002191446967495,-0.8424787637048766,36.55625522374493,36.592690347077465,-0.036435123332537955,0.9842942357063292,0.9867821931838988,-0.00248795747756958,1.8300895206038668,1.7951323840557811,-1.9473291696240376
20260801,3.png,0.0002115218698342,0.0002147056175472,1.4828432294278902,36.74644723053344,36.681565925555645,0.06488130497779565,0.98562091588974,0.9889454245567322,-0.0033245086669921875,1.9406183523822456,1.878608114872834,-3.300860728668212
20260801,30.png,0.0001380292622357,0.0001303144805984,-5.920126145516571,38.600288333065336,38.85007322625352,-0.24978489318818475,0.9886095523834229,0.990587592124939,-0.0019780397415161133,1.2264568837983345,1.207974182469081,-1.5300576450628345
20260801,31.png,0.0001509684380629,0.0001476190477901,-2.2689417950740958,38.211138381891686,38.30857600396234,-0.09743762207065032,0.9895942807197572,0.9916267395019532,-0.002032458782196045,1.2748337748474567,1.280673803790321,0.4560122121323827
20260801,32.png,0.0011424741047251,0.0010955744631824,-4.28082646308376,29.42153634848872,29.60358099298858,-0.1820446444998609,0.9803414940834044,0.9858219623565674,-0.005480468273162953,3.0871088942766174,3.015246096789104,-2.383314501726376
20260801,33.png,0.0022542794832987,0.0022198563431514,-1.5506922442752085,26.46992241559669,26.536751297814835,-0.06682888221814309,0.9793720245361328,0.9827463030815125,-0.0033742785453796387,4.549902125152958,4.492610983268484,-1.275230419411755
20260801,34.png,0.0015904486540799,0.0015025585481378,-5.849363144685892,27.98480347059417,28.231685964381647,-0.24688249378747784,0.9810783863067628,0.9863135814666748,-0.005235195159911998,3.7930540681275433,3.6423199220452553,-4.138410389761889
20260801,35.png,0.001583704726636,0.0016326896962792,3.000262067852431,28.00325787106559,27.870963480245933,0.13229439081965566,0.979996144771576,0.9843763113021852,-0.004380166530609131,3.79688440471758,3.79452806622001,-0.062098328341450036
20260801,36.png,0.0008334507032613,0.0008652684165845,3.677207293523432,30.79120082620252,30.628491483054944,0.16270934314757568,0.9856716990470886,0.989094078540802,-0.003422379493713379,2.852731304364565,2.9062088521417238,1.8401137185219358
20260801,37.png,0.0001480198186499,0.0001508523860818,1.877708073085456,38.29680132212513,38.21447816055806,0.08232316156706787,0.9861308336257936,0.9883289933204652,-0.002198159694671631,1.2556609501561444,1.226426569305155,-2.3837041354667035
20260801,38.png,0.000492212403835,0.0004745179076651,-3.728941707799184,33.07847446201579,33.237473932400505,-0.15899947038471396,0.9879788160324096,0.9897958636283876,-0.0018170475959780052,2.097870617399854,2.0860139314348327,-0.5683895867783422
20260801,39.png,0.0002121514406869,0.0002210537913249,4.027232731292775,36.733540146620165,36.555020320479606,0.17851982614055828,0.9883054494857788,0.990083634853363,-0.0017781853675842285,1.429990179359878,1.456355145314616,1.8103390535996227
20260801,4.png,0.0012806364115051,0.0012822654650866,0.12704495487522519,28.925741543227453,28.92022054312284,0.005521000104611318,0.9852635264396667,0.9875518679618835,-0.002288341522216797,3.429893973349669,3.392352123138116,-1.1066613620529726
20260801,40.png,0.0026043091016593,0.0025524291895592,-2.032570083131644,25.843074712642803,25.93046297433112,-0.08738826168831793,0.979340136051178,0.9826419353485109,-0.0033017992973328747,4.953520969302565,4.870377680069927,-1.7071220076600682
20260801,41.png,0.0005135476745943,0.000471058614055,-9.01990947019154,32.89419232977749,33.26925050032702,-0.3750581705495293,0.985869824886322,0.9910969138145448,-0.005227088928222767,2.0946499074184364,2.005790513284724,-4.430143304855631
20260801,42.png,0.0002125468562654,0.0002098041518237,-1.3072689066728878,36.725453142050206,36.781859217844286,-0.05640607579407941,0.9880000948905944,0.990431785583496,-0.0024316906929016113,1.4887701427862208,1.4994922534127515,0.7150494177030834
20260801,43.png,0.0007390998260928,0.0007502633542845,1.4879479489367164,31.31296899909185,31.247862656259173,0.06510634283267791,0.9845725893974304,0.9882593750953674,-0.0036867856979370117,2.7017321007463893,2.6703565641323643,-1.1749568217014221
20260801,44.png,0.000610220176115,0.000661006049956,7.683117854122588,32.14513437089285,31.79794565551409,0.3471887153787563,0.9828375577926636,0.9882335066795348,-0.005395948886871227,2.111820119704343,2.111324939366232,-0.023453535212806423
20260801,45.png,0.0034046127129758,0.0033867441697834,-0.5276023902786426,24.679322835114377,24.702176081524318,-0.02285324640994091,0.9761390089988708,0.9797740578651428,-0.0036350488662719727,5.608827728668985,5.517019345238061,-1.6640939189413542
20260801,46.png,0.0036351922347752,0.0036610845928193,0.7072318977519456,24.39472618011375,24.36390236218113,0.03082381793262101,0.975185751914978,0.9777552485466005,-0.0025694966316224255,5.670391447497398,5.63131005422433,-0.6940018023648136
20260801,47.png,0.0010950169955622,0.0011253068209938,2.691694821937534,29.605791401648567,29.48729048666244,0.11850091498612514,0.9839481115341188,0.987747609615326,-0.0037994980812072754,3.1881068642074286,3.2130351994865847,0.7758500524096154
20260801,48.png,0.0002307124499424,0.0002500803185321,7.744659277220959,36.36928969001203,36.01920486155233,0.3500848284596998,0.9862104058265686,0.9907531142234802,-0.004542708396911621,1.4516879181452769,1.5007285365991831,3.267787428433776
20260801,49.png,0.002342791136165,0.0023587529474527,0.6767055152994128,26.30266427772767,26.273175441405566,0.029488836322101974,0.9798794984817504,0.9823554754257202,-0.0024759769439698376,4.741900507924562,4.719380160265875,-0.4771886750784259
20260801,5.png,0.0010821665920321,0.0010307494838586,-4.988322475895957,29.65705877463179,29.868468739968066,-0.21140996533627643,0.9831652641296388,0.9869442582130432,-0.00377899408340443,3.070721247754966,2.995160928327782,-2.5227465647186422
20260801,50.png,0.0011249608344944,0.0011344860837793,0.839609178207695,29.488625972495356,29.452008270376744,0.03661770211861182,0.9843636751174928,0.9867440462112428,-0.00238037109375,3.350646162695916,3.3816080950502263,0.9155978896439905
20260801,51.png,0.0006717559446263,0.0006437199971516,-4.3553016216299785,31.727884816391253,31.91302999310186,-0.1851451767106056,0.9838166832923888,0.9886192679405212,-0.004802584648132435,2.5364654742644377,2.319047174458417,-9.375328893721015
20260801,52.png,0.0007090778462482,0.0006896543051947,-2.8164169943108632,31.49306083095945,31.613685483465748,-0.12062465250629728,0.9870774149894714,0.989854633808136,-0.0027772188186645508,2.7717750574713054,2.714663592706632,-2.1038137070873977
20260801,53.png,0.0015647191274878,0.0014646959834924,-6.828935500792893,28.055636084878508,28.34252509366697,-0.2868890087884637,0.9780749678611756,0.9827219247817992,-0.004646956920623557,3.4572045881642426,3.3531809011106435,-3.1022390417154138
20260801,54.png,0.000272719587133,0.0002439220703677,-11.806031623907263,35.64283669251991,36.127489024116485,-0.4846523315965783,0.9866424798965454,0.9914910197257996,-0.00484853982925415,1.552338130438935,1.449749361829921,-7.076310658245297
20260801,55.png,0.0002964334071317,0.000320237750742,7.433334625647551,35.28072854284388,34.945274732519295,0.3354538103245872,0.9857426285743712,0.990863561630249,-0.005120933055877797,1.6063907350613975,1.6494676018638266,2.6115618611577505
20260801,56.png,0.000367036986622,0.0004074084263093,9.909328595145563,34.3529016932702,33.89969992857164,0.4532017646985551,0.9850143790245056,0.9894834756851196,-0.004469096660614014,1.7571613324132245,1.8010127119216977,2.4348178787524124
20260801,57.png,0.0023321135688017,0.0022885348846929,-1.9042176022869621,26.322503042119365,26.404424631299737,-0.08192158918037151,0.9814894199371338,0.9860509634017944,-0.0045615434646606445,4.307468895839737,4.239915630417375,-1.5932690956803712
20260801,58.png,0.0002079169432885,0.0002327636309336,10.674643433530193,36.821101182832976,36.33084876765858,0.4902524151743961,0.9873196482658386,0.9911629557609558,-0.0038433074951171875,1.294893658433577,1.3313776627623477,2.7403196965970933
20260801,59.png,0.0002082301989191,0.000205321974248,-1.4164215407296268,36.81456286002783,36.875645684863166,-0.061082824835338556,0.9873575568199158,0.990899920463562,-0.0035423636436462402,1.4900734446024504,1.4795636073100735,-0.7103335902864168
20260801,6.png,0.0009743760474878,0.0009081109510647,-7.2970264641571125,30.11273400585269,30.418610870610216,-0.3058768647575256,0.9851648807525636,0.9901683926582336,-0.005003511905670055,2.914354823641925,2.7792601683360267,-4.86081356632334
20260801,60.png,0.0001729039487962,0.0001612693752411,-7.2143725600140325,37.62195088155685,37.92448096507682,-0.3025300835199687,0.9858670234680176,0.9910390973091124,-0.00517207384109486,1.185481101949126,1.0965712046973617,-8.107991243149801
20260801,61.png,0.0006038641873796,0.0006127709974726,1.453529969554125,32.190607257892786,32.12701798100757,0.06358927688521732,0.9878942966461182,0.9900470972061156,-0.0021528005599974476,2.361497946396237,2.3335189231283664,-1.1990056301048206
20260801,62.png,9.874002165017344e-05,9.284587254659828e-05,-6.348315699889568,40.0550678189115,40.3223739801014,-0.26730616118990014,0.9893732070922852,0.9926987886428832,-0.0033255815505980335,1.0654237562461304,0.9569237812367988,-11.338413480444416
20260801,63.png,0.0007252547061797,0.0007643887458237,5.119651467635012,31.39509444378097,31.16685715733477,0.22823728644619834,0.9833711385726928,0.9852653741836548,-0.001894235610962025,2.5383764787478063,2.5997488943044407,2.3607055162554276
20260801,64.png,0.0003244081222805,0.0003208710328164,-1.1023399130341214,34.88908280794266,34.936694878150426,-0.047612070207769364,0.9845095872879028,0.9887519478797911,-0.004242360591888317,1.7211642935474742,1.762441685536447,2.3420571771376903
20260801,65.png,0.0019341419739445,0.0018868480420763,-2.50650454162475,27.135116500887747,27.242630744747643,-0.10751424385989594,0.9815600514411926,0.9865973591804504,-0.0050373077392578125,3.917640501495574,3.831529752934876,-2.2474247653887818
20260801,66.png,0.0009578546703079,0.0008896212043691,-7.669945995407068,30.1870037888719,30.507948741087404,-0.32094495221550545,0.984506905078888,0.9893784523010254,-0.00487154722213734,2.6891479064003208,2.5676478614169524,-4.731959035703545
20260801,67.png,0.0003356623600375,0.0003386590967199,0.8848829727076681,34.740973562333465,34.7023725431944,0.03860101913906533,0.9866580367088318,0.9886981248855592,-0.002040088176727406,1.876217632814415,1.896705431148069,1.0801781867231237
20260801,68.png,0.0001183340191597,0.0001218914092136,2.918491202005967,39.268903846244015,39.1402690195005,0.12863482674351445,0.9867558479309082,0.991248607635498,-0.004492759704589844,0.9659549177650198,0.95339216863344,-1.317689566255496
20260801,69.png,0.0014516830248945,0.001445065490816,-0.4579400809553041,28.38128201519656,28.40112470100865,-0.019842685812090366,0.9848785996437072,0.987801194190979,-0.0029225945472718395,3.360859015334909,3.364057520970292,0.09507880336304746
20260801,7.png,0.0021293966881247,0.0021776904570369,2.217659941344992,26.71743425731469,26.620038520158005,0.0973957371566847,0.9581137895584106,0.9642337560653688,-0.006119966506958119,3.758824788001324,3.728466443701613,-0.814231394009044
20260801,70.png,0.0014524780399157,0.0015710519913798,7.547423771759502,28.37890425006835,28.03809442461127,0.34080982545707883,0.9812131524086,0.9849931597709656,-0.0037800073623656116,2.911289412966242,2.995908098924676,2.8244753565306686
20260801,71.png,0.0004485193925569,0.0004163435723702,-7.728189486276065,33.482187746970325,33.80548135714927,-0.3232936101789434,0.985448122024536,0.987502098083496,-0.002053976058959961,2.119875792216724,2.0578793560621467,-3.0126370611545825
20260801,72.png,0.0012633629750881,0.0012068712683907,-4.680839471199663,28.98471854963048,29.18339051699789,-0.19867196736741022,0.9763416647911072,0.980821967124939,-0.004480302333831787,3.031861044789589,3.01741913294533,-0.4786180244758385
20260801,73.png,0.0001657054147083,0.0001887634732829,12.215318023971129,37.806633000323714,37.24082040156559,0.5658125987581215,0.985136091709137,0.9888445734977722,-0.003708481788635254,1.1714197116081173,1.189280692290959,1.501830543337525
20260801,74.png,0.0009978961059443,0.0009192786635023,-8.55207953402079,30.009146721032245,30.36552819760076,-0.35638147656851515,0.9803435206413268,0.9854698181152344,-0.005126297473907582,2.7309678692668444,2.6768787226406947,-2.020605049032319
20260801,75.png,0.0006099421741999,0.0005972561288717,-2.124054440791709,32.14711336491311,32.23839384949338,-0.09128048458026683,0.9869939088821412,0.9894842505455016,-0.0024903416633603737,2.5887677882488958,2.546407335572764,-1.6635379612823609
20260801,76.png,0.0020639780623918,0.0020159340592913,-2.383213026193397,26.852949230490857,26.95523677660177,-0.10228754611091162,0.9825770258903505,0.9868852496147156,-0.004308223724365123,4.179319323820948,4.082006213786543,-2.3839530107950506
20260801,77.png,0.0012626746052934,0.0012576007730084,-0.4034533370127082,28.98708553904573,29.00457204357163,-0.017486504525901836,0.9848173260688782,0.9869824051856996,-0.0021650791168214,3.441565541521109,3.455557639435513,0.404915772630256
20260801,78.png,0.0001369534841969,0.000121836958453,-12.40717589788766,38.63426914499853,39.1422095129655,-0.5079403679669738,0.9890975952148438,0.9937769174575806,-0.004679322242736816,1.0045303491473656,0.9459619897675604,-6.1914072672408835
20260801,79.png,0.0004555195615657,0.0004533494895238,-0.4786753028396421,33.41492968202174,33.43566868953781,-0.020739007516070274,0.9889845848083496,0.9915061593055724,-0.0025215744972227894,2.1275723107424525,2.1430833255713395,0.7237709632569639
20260801,8.png,0.0018389878560134,0.0018229706656573,-0.8786312724524658,27.35421138670432,27.392203197408666,-0.03799181070434443,0.979121208190918,0.982223629951477,-0.003102421760559082,4.197272926709997,4.15327656822842,-1.0593168492110179
20260801,80.png,0.0002705163724649,0.0002605740621315,-3.8155410604078392,35.678064449529565,35.84068816688551,-0.16262371735594883,0.9472939372062684,0.9629501104354858,-0.01565617322921742,1.8973418135164797,1.7516706759145044,-8.31612583375148
20260801,81.png,0.0006718973909259,0.0007027615033073,4.391833109262374,31.726970453348063,31.53192036816933,0.1950500851787318,0.9849697947502136,0.9891384840011596,-0.004168689250945934,2.583430222140477,2.6112525416617416,1.0654779297432135
20260801,82.png,0.0034036585960375,0.003336329853256,-2.018048147001786,24.68054008309205,24.767310184757857,-0.08677010166580601,0.9729254245758056,0.9763838648796082,-0.0034584403038026013,5.639067520378403,5.540648144854294,-1.776315206290682
20260801,83.png,0.0004848805994632,0.0004788237999253,-1.2649328497967047,33.14365192074666,33.19824271132449,-0.054590790577826454,0.9880422353744508,0.9904035925865172,-0.0023613572120664283,2.2299125709538488,2.201262236296642,-1.3015411878144698
20260801,84.png,0.0009707103608038,0.0009446419132808,-2.7596115688390985,30.129103349417385,30.247327889067144,-0.11822453964975921,0.9845917224884032,0.9866823554039,-0.002090632915496826,3.007160324555328,2.982664037528077,-0.8212888451074952
20260801,85.png,0.0006268935077619,0.0006252220946893,-0.26733109510959735,32.02806227780683,32.03965682872758,-0.011594550920747793,0.9872729182243348,0.9901197552680968,-0.002846837043761985,2.34043846230144,2.3447072661576267,0.18206127126403027
20260801,86.png,0.0008147069528625,0.0007922302515993,-2.8371425122715963,30.889985773226325,31.011485779228728,-0.12150000600240318,0.9797137975692748,0.9847737550735474,-0.005059957504272572,3.0007275077036506,2.853360205084352,-5.164693274852132
20260801,87.png,0.0003065155655357,0.0003288536592608,6.792715573033839,35.13547466154876,34.82997321242963,0.30550144911913435,0.9877915382385254,0.9923923015594482,-0.0046007633209228516,1.6766364382832026,1.747657029735467,4.063760236927857
20260801,88.png,0.0007835000776405,0.0007575719121054,-3.4225352234934285,31.059609561592115,31.205761356992877,-0.14615179540076184,0.985943078994751,0.9877399802207948,-0.0017969012260438122,2.6869566452495386,2.667867044689447,-0.7155379275024439
20260801,89.png,8.608015182300794e-05,8.509565495068356e-05,-1.1569296609738122,40.65096975694456,40.70092614758156,-0.04995639063699997,0.9897613525390624,0.9923322796821594,-0.002570927143097035,0.9710611980701932,0.9896947061366465,1.8827531309317256
20260801,9.png,9.604931934588134e-05,9.456899890904816e-05,-1.5653337287168223,40.175057084220185,40.24251208305125,-0.06745499883106731,0.9897269606590272,0.9914401769638062,-0.0017132163047789417,0.9763787946194894,1.00106391202301,2.4658882521931567
20260801,90.png,0.0020142319350644,0.0020299819043213,0.775867470708593,26.95890522700427,26.92507833460385,0.033826892400419695,0.9775176644325256,0.9815071821212769,-0.003989517688751221,4.425322496681667,4.4007210207822265,-0.5590328444648257
20260801,91.png,0.0023228379158217,0.00228381656063,-1.7086028652378207,26.339810935661426,26.4133878217116,-0.07357688605017287,0.9779621958732604,0.9810569882392884,-0.003094792366028054,4.676763815514081,4.616723582455461,-1.300494430439501
20260801,92.png,0.0001454161501413,0.0001456749500508,0.1776557393084861,38.373873573849146,38.36615122149045,0.007722352358698004,0.9845338463783264,0.9898496866226196,-0.005315840244293213,1.1103332560164214,1.0778425967949177,-3.0144159562925283
20260801,93.png,0.0007299877559992,0.0007022283552442,-3.9530446965996733,31.36684424189926,31.53521638161076,-0.16837213971150078,0.9798346757888794,0.9837638139724731,-0.00392913818359375,2.7870202046388504,2.718503956695532,-2.520365945194476
20260801,94.png,0.0019783703988365,0.0019254768868382,-2.7470343767748697,27.03692394684634,27.154616902216404,-0.11769295537006386,0.9808785915374756,0.9845100045204164,-0.003631412982940785,4.324006861914685,4.225174613190606,-2.339128149060022
20260801,95.png,0.0003384893805929,0.0003987055475091,15.102916749565834,34.70454951859921,33.99347721609146,0.7110723025077448,0.9830341935157776,0.987094521522522,-0.004060328006744385,1.467519559530298,1.543708156935522,4.935427532913293
20260801,96.png,0.0001058326252792,9.99224528869055e-05,-5.914759117236403,39.75380430651006,40.003369134832745,-0.24956482832268279,0.9886647462844848,0.9924288988113404,-0.003764152526855691,0.9649322288111364,0.9225736067269444,-4.5913542047305596
20260801,97.png,0.0010489210327466,0.0010331242650967,-1.5290288093680047,29.792572061184472,29.858474380156864,-0.06590231897239107,0.9854426980018616,0.9885088205337524,-0.003066122531890869,3.162422748825941,3.120719666167614,-1.3363290240529737
20260801,98.png,0.0022077535573618,0.0022474978285609,1.7683786250662745,26.56049406781246,26.48300719191819,0.0774868758942695,0.9779276251792908,0.9808855652809144,-0.002957940101623646,4.553579183115999,4.559853440556066,0.13759778733813424
20260801,99.png,0.0001425572970732,0.0001488150865526,4.205077337497051,38.46010547575635,38.27353038719878,0.18657508855756788,0.9888818264007568,0.992587387561798,-0.0037055611610411487,1.109607577150652,1.1162957605274997,0.5991408024059205
20260802,0.png,0.0002346944161031,0.0002437824784854,3.7279391196460687,36.29497243100296,36.12997511886324,0.16499731213971813,0.9752519130706788,0.9749179482460022,0.0003339648246766247,1.362967424616641,1.3741154211481192,0.8112853083450385
20260802,1.png,0.0005893009288173,0.0005848396798009,-0.7628157203558428,32.29662874397923,32.32963169336792,-0.03300294938869541,0.975513517856598,0.9752416610717772,0.0002718567848207787,2.285089946598968,2.2750029601650463,-0.44338344215559555
20260802,10.png,0.0014445117934448,0.0014423898382719,-0.147113846520325,28.402789080896863,28.40917345907089,-0.00638437817402604,0.974162220954895,0.9739410281181335,0.0002211928367614746,3.643933730524952,3.673641871006688,0.8086836312543156
20260802,11.png,0.0015902130223821,0.0016013593611841,0.6960548064463316,27.98544694391341,27.95511197083636,0.03033497307704991,0.972189962863922,0.9719021916389464,0.00028777122497558594,3.756481451218237,3.7709712642582818,0.38424618021836987
20260802,12.png,0.0006706960991541,0.0006474422532268,-3.5916478746026677,31.7347421955879,31.887989611823265,-0.15324741623536653,0.9706183671951294,0.9717670679092408,-0.0011487007141114391,2.5348183532026884,2.447370836710009,-3.5731208029852435
20260802,13.png,0.0003486405982592,0.0003601952392216,3.2078827547443907,34.57622041857878,34.43462031642599,0.14160010215278618,0.9756103157997132,0.975189208984375,0.0004211068153382458,1.840987240603301,1.8494762678202432,0.4589962771972861
20260802,14.png,0.0007686234285074,0.0007651231129573,-0.4574839644525697,31.14286381885172,31.16268678602995,-0.019822967178232176,0.975558876991272,0.9760640859603882,-0.0005052089691162109,2.850042180766436,2.777131561415652,-2.6253930625316637
20260802,15.png,0.000286480873287,0.0003243646593598,11.679381516954223,35.42904368122984,34.88966469754035,0.5393789836894953,0.9792840480804444,0.978906512260437,0.00037753582000743524,1.5237259420726503,1.6262665794960067,6.305278526669015
20260802,16.png,0.0008969584202339,0.0009309894036542,3.6553566868458445,30.47227688819322,30.310552620483996,0.161724267709225,0.9753283262252808,0.9749161601066588,0.0004121661186219372,2.8338290790699574,2.8856559401564383,1.7960166479054074
20260802,17.png,0.0027008176968965,0.0027132430425731,0.45795181196950824,25.685047293645177,25.66511301955037,0.019934274094808302,0.9674811959266664,0.9672998189926147,0.0001813769340516247,4.898680949094333,4.908120683908881,0.1923289059597937
20260802,18.png,0.0007157265275817,0.0007301074193179,1.9696953291661234,31.45252885861569,31.366132382562736,0.08639647605295409,0.9725770950317384,0.9721799492836,0.00039714574813842773,2.541311026878703,2.560045467109983,0.7318010743156393
20260802,19.png,0.0003308851037319,0.0003198337360878,-3.4553477001144906,34.80322784102265,34.9507572875717,-0.14752944654905065,0.9762542247772216,0.9761122465133668,0.00014197826385475842,1.5550770181568012,1.5132328942080715,-2.7652137426359764
20260802,2.png,0.0004428600904042,0.0004433816953501,0.11764241766636561,33.53733455633429,33.53222240343147,0.005112152902817968,0.9766128659248352,0.9765204787254332,9.238719940196649e-05,1.842386899233579,1.8105371804354995,-1.7591308890115425
20260802,20.png,0.0023886986654357,0.0023600477938386,-1.2139953975465674,26.2183863308503,26.270792019492948,-0.052405688642647164,0.9700388312339784,0.969898521900177,0.00014030933380138055,4.270959371455402,4.250443633741981,-0.48267285679445904
20260802,21.png,0.0003127592441813,0.0003246660883047,3.667412320631845,35.04789845063385,34.88563071494821,0.16226773568563857,0.9738070964813232,0.9735627770423888,0.0002443194389344372,1.6973053506776157,1.7155822164580343,1.065344791120113
20260802,22.png,0.0003379829957143,0.0003489348144346,3.1386431697983257,34.71105148992133,34.57255697325837,0.1384945166629592,0.9766208529472352,0.9762450456619264,0.0003758072853088379,1.8907039754198136,1.88628440642003,-0.23430024574987415
20260802,23.png,0.001452418409233,0.0014846172244509,2.168829425363104,28.3790825509262,28.28385505092357,0.09522750000262903,0.970739483833313,0.9702928066253662,0.00044667720794677734,3.83997966812534,3.915660694433079,1.932777945120097
20260802,24.png,0.0022080123865255,0.002105692028464,-4.859227117658692,26.559984946273385,26.766051469772695,-0.20606652349930954,0.9732396006584167,0.9729993343353271,0.0002402663230895996,3.2285843596968986,3.1322741209548437,-3.07477043907944
20260802,25.png,0.0009987496739189,0.0010096472459673,1.0793445029367081,30.005433494704185,29.95830335018677,0.04713014451741415,0.9739572405815125,0.9736928343772888,0.0002644062042236328,2.91422084242513,2.924691637741195,0.35801365111270456
20260802,26.png,0.000653146546116,0.0006657949160754,1.8997396426450939,31.84989365387851,31.766595253836527,0.08329840004198275,0.9777800440788268,0.9776051044464112,0.00017493963241554944,2.2713131043731423,2.293618701214421,0.9725067566578759
20260802,27.png,0.0009975945769417,0.0009745018568482,-2.369694827282116,30.010459204062958,30.112173290264096,-0.10171408620113809,0.973438799381256,0.9732791185379028,0.00015968084335316046,2.706715663791649,2.676755657695229,-1.1192656307754574
20260802,28.png,0.0006517741226965,0.000626087198099,-4.1027710957025985,31.859028862660598,32.033651763486944,-0.17462290082634624,0.9793936610221864,0.9793095588684082,8.41021537781872e-05,2.5275672638600093,2.495799820371416,-1.2728361958077938
20260802,29.png,0.0003191832038968,0.0003224111941231,1.0012029002527516,34.95959970224937,34.915898878919954,0.043700823329416494,0.9767095446586608,0.9763137698173524,0.0003957748413083717,2.2419817266462845,2.294729612237213,2.2986536326387887
20260802,3.png,0.000357137391551,0.0003891338517131,8.222481807028782,34.47164677686841,34.099009872051454,0.3726369048169573,0.9755455851554872,0.9749807119369508,0.000564873218536377,1.8920121789480848,2.017299915953699,6.210664860231414
20260802,30.png,0.0001991683762437,0.0002038346217194,2.289231062092868,37.00779617283435,36.90722048275084,0.10057569008350953,0.9808448553085328,0.9808672666549684,-2.2411346435546875e-05,1.4199635750172257,1.4368185003464915,1.1730726828197997
20260802,31.png,0.0002327264635688,0.0002389214039404,2.5928779378616644,36.331542298269845,36.2174494193346,0.11409287893524578,0.98032546043396,0.980269730091095,5.5730342864990234e-05,1.5069810582675651,1.5383271102681928,2.0376714283584842
20260802,32.png,0.0008838367401818,0.0009040767529055,2.2387493825776503,30.53627949224749,30.437946979003392,0.09833251324409886,0.9735196828842164,0.9730865955352784,0.0004330873489379883,2.7656408812641278,2.776869576365737,0.4043652318847784
20260802,33.png,0.0019153903511384,0.0019163948986523,0.05241860717780701,27.177427046877057,27.17514993882601,0.002277108051046639,0.9720247387886048,0.971776843070984,0.0002478957176208496,4.168002258956704,4.206780739016989,0.9218089191248647
20260802,34.png,0.0017360678400322,0.0017365761865088,0.02927291532322381,27.60433307975191,27.60306158708204,0.001271492669872032,0.9718811511993408,0.9715693593025208,0.00031179189682006836,4.117419647341407,4.103251124593755,-0.34529991749054295
20260802,35.png,0.0014363127072267,0.0014324195931091,-0.2717858744971562,28.42750997253656,28.43929747195885,-0.011787499422290182,0.9705591201782228,0.9704549312591552,0.00010418891906760486,3.421402962516858,3.4132647494384587,-0.23842900202036785
20260802,36.png,0.0004891998533093,0.0005000692002197,2.173568559236331,33.1051368186252,33.00969893275806,0.09543788586713475,0.9747454524040222,0.9744352102279664,0.0003102421760557972,2.0803327108339293,2.10906921490536,1.3625206734962552
20260802,37.png,0.0002852048011424,0.0002750513754385,-3.6914651627220167,35.44843167838019,35.60586178949577,-0.15743011111558047,0.9798703193664552,0.97993803024292,-6.771087646484375e-05,1.5828584453326937,1.5529108857596774,-1.928478951859887
20260802,38.png,0.0004979516589364,0.000517824922659,3.8378345369226445,33.028128164294166,32.85817051018099,0.1699576541131762,0.980608344078064,0.9804874062538148,0.00012093782424915656,2.1185681824453684,2.1437686436070136,1.1755214928064246
20260802,39.png,0.0002704257060125,0.0002676644561604,-1.0316087132784253,35.679520277866665,35.7240929604608,-0.04457268259413638,0.9805198907852172,0.9803593754768372,0.00016051530838001593,1.5618500985435215,1.572908064382177,0.7030268385710663
20260802,4.png,0.0012514128404136,0.0012341915618225,-1.395348916959845,29.02599393155711,29.08617427186271,-0.0601803403055996,0.9784020781517028,0.9782991409301758,0.00010293722152698859,3.4062214667169872,3.40531951254178,-0.026486623997695812
20260802,40.png,0.0020658473884485,0.0020644263800125,-0.06883308844325427,26.84901764521492,26.852005999892747,-0.0029883546778251002,0.9706487655639648,0.9704247713088988,0.000223994255066029,4.459273847996643,4.49411557891784,0.7752744741288182
20260802,41.png,0.0006222339627312,0.0006296245173339,1.1738034970421287,32.060462879489194,32.00918369061418,0.05127918887501437,0.9742958545684814,0.9740079641342164,0.0002878904342650257,2.532306513565628,2.5403549361485225,0.3168227584408684
20260802,42.png,0.0003464658843382,0.0003486854497082,0.6365523344485511,34.603395228792266,34.575661749161135,0.02773347963113082,0.9800078868865968,0.9797225594520568,0.00028532743454001697,1.7687571130537083,1.7717692146249313,0.17000530014630824
20260802,43.png,0.0007227460287365,0.0007339695494639,1.529153455425743,31.41014285963116,31.34321957487316,0.06692328475800124,0.973423719406128,0.9732009172439576,0.00022280216217041016,2.5281288969275537,2.530743483735812,0.10331299181688475
20260802,44.png,0.0007571098729771,0.0007231697796206,-4.693239998815503,31.208410904271357,31.407597307879627,-0.19918640360826956,0.9754751324653624,0.975400984287262,7.414817810047492e-05,2.281152108858134,2.2125935903634004,-3.0985590301503825
20260802,45.png,0.0034555093101356,0.0033970014565729,-1.7223381947479808,24.614879325792337,24.689042669122912,-0.07416334333057506,0.9687051773071288,0.9686678051948548,3.737211227394788e-05,5.579159729864689,5.530330923064586,-0.8829273958355718
20260802,46.png,0.0040881049242643,0.0039714810417012,-2.936533785218427,23.884779662382517,24.01047506261814,-0.12569540023562453,0.967090666294098,0.9670781493186952,1.2516975402832031e-05,6.046623031635503,5.997347732280684,-0.8216181811435714
20260802,47.png,0.0008784109639876,0.0008872654410409,0.9979513056332251,30.563022521635283,30.519464339071,0.04355818256428279,0.9743419289588928,0.9740567207336426,0.00028520822525024414,2.81389369557939,2.8208577950313094,0.24687878503433253
20260802,48.png,0.0003599611322309,0.0003805132429307,5.401155171764412,34.43744390813106,34.196302239612656,0.24114166851840224,0.975836992263794,0.9752947092056274,0.0005422830581665039,1.6821421244439865,1.7395728424525414,3.3014264540705334
20260802,49.png,0.0019375041026268,0.0019198533680189,-0.9193793079162935,27.12757369210657,27.16731939990226,-0.0397457077956922,0.973821461200714,0.9737874269485474,3.4034252166637025e-05,4.270774980029964,4.274077544845999,0.07726965131966322
20260802,5.png,0.0009442578022105,0.0010147216207563,6.944152672462168,30.249094179984525,29.936530859789183,0.3125633201953413,0.97342449426651,0.9729467630386353,0.00047773122787475586,2.8413471431024555,2.868506428724687,0.946809299441108
20260802,50.png,0.0012602655308329,0.0012520350372224,-0.6573692720899514,28.99537941845771,29.02383517563727,-0.028455757179560948,0.9736698269844056,0.97370845079422,-3.86238098143421e-05,3.6024713125574404,3.5932537134342573,-0.2565251401180175
20260802,51.png,0.0006360025323667,0.0006177062379958,-2.961973385644253,31.96541155120917,32.09218012854467,-0.1267685773355005,0.973172128200531,0.9733402729034424,-0.00016814470291137695,2.253212987892259,2.179220966007477,-3.3953427871218533
20260802,52.png,0.0005936961479474,0.0005975107957062,0.6384232362348352,32.26435768878541,32.23654243562626,0.027815253159147346,0.9777762293815612,0.9775432348251344,0.0002329945564267799,2.440379709442311,2.499677291447494,2.372209493124013
20260802,53.png,0.0014585573880005,0.0014846093702814,1.7548038428426365,28.36076478574034,28.283878026755108,0.076886758985232,0.9723450541496276,0.9720864295959472,0.0002586245536804199,3.366002575234033,3.368364874382588,0.07013192562720857
20260802,54.png,0.0002754964298298,0.0002858279922982,3.614608347254265,35.59884024816702,35.43895241236597,0.15988783580105093,0.9765315651893616,0.9761722683906556,0.00035929679870594367,1.597298796886861,1.6140342498772946,1.036870995253406
20260802,55.png,0.0004734386762833,0.000495538734212,4.459804330703488,33.247362664527024,33.04922392849575,0.1981387360312752,0.974055290222168,0.973557710647583,0.0004975795745849609,2.0176526564897923,2.060011725033841,2.0562537595921992
20260802,56.png,0.0007388958271169,0.000747716108089,1.1796296584599184,31.314167860940817,31.26263263222725,0.051535228713568415,0.973907709121704,0.9734174609184264,0.0004902482032775879,2.4883583407413314,2.479668221092321,-0.35045493486149726
20260802,57.png,0.001536764996676,0.0014990150473224,-2.518316905559449,28.13392540079962,28.241940076211662,-0.10801467541204346,0.9766496419906616,0.9765021204948424,0.00014752149581920282,3.5881255466715705,3.59260370762015,0.12464945518708567
20260802,58.png,0.0004134362066077,0.0003911425962997,-5.699611987777023,33.83591492775473,34.07664885836159,-0.24073393060685788,0.9761024713516236,0.9759546518325806,0.00014781951904307977,1.6852031239398544,1.67216621379942,-0.779642001665165
20260802,59.png,0.0001255989948906,0.0001310446731933,4.155589212441488,39.01013836038138,38.82580627901356,0.18433208136782042,0.9787033200263976,0.9783652424812316,0.0003380775451660156,1.0467882513199065,1.0766681634199782,2.775220176025244
20260802,6.png,0.0010875179346744,0.0010872099927975,-0.02832404769456091,29.63563572197756,29.636865645565557,-0.0012299235879957848,0.973667323589325,0.9734530448913574,0.0002142786979675293,3.061663995066645,3.05884632408389,-0.09211548028974166
20260802,60.png,0.0002534758704528,0.0002602376039333,2.5982922445877845,35.96063376874879,35.846299483556095,0.1143342851926974,0.9768661260604858,0.9765090942382812,0.00035703182220458984,1.4660811406967171,1.440116269103689,-1.802970506623628
20260802,61.png,0.000745767802841,0.0007293465220836,-2.251506007115475,31.273963704387864,31.370660836537564,-0.09669713214969988,0.9800106287002563,0.9799175262451172,9.310245513916016e-05,2.726351700071345,2.711392684206061,-0.551709678661472
20260802,62.png,0.0001625082353375,0.0001667276492451,2.530722364709392,37.89124625632686,37.77992373064102,0.11132252568583567,0.9768466353416444,0.9765859842300416,0.0002606511116027832,1.1626127790524514,1.1465554516404213,-1.4004841535624206
20260802,63.png,0.000895185581343,0.00093698131593,4.460679618303338,30.480869215574437,30.28269069164906,0.19817852392537816,0.9684156775474548,0.967975616455078,0.00044006109237682,3.0110612491465085,3.0720719270772223,1.9859781730032449
20260802,64.png,0.0003146007802295,0.0003357956891306,6.311846633878828,35.02240204633986,34.73924883536774,0.28315321097212376,0.9728881120681764,0.9724103808403016,0.00047773122787475586,1.5826650355969052,1.6452079194546698,3.8015185265152054
20260802,65.png,0.001849570945446,0.0018184253653436,-1.7127774774806237,27.32929005454396,27.403045192364782,-0.07375513782082166,0.975368857383728,0.9752692580223083,9.959936141967773e-05,3.943239493926776,3.8973267708879473,-1.1780567999015448
20260802,66.png,0.0006457364203342,0.0006360308770923,-1.525954728215421,31.89944718156418,31.96521800349524,-0.06577082193106065,0.9773582816123962,0.9770811796188354,0.000277101993560791,2.3537758945517915,2.326396717311034,-1.1768920166120107
20260802,67.png,0.000352271796486,0.0003859648539067,8.729566197456068,34.5312212582472,34.13452240533662,0.39669885291058193,0.974905490875244,0.9742080569267272,0.0006974339485168457,1.89504881248522,1.958027721054559,3.2164462173916277
20260802,68.png,0.0002116752825549,0.0002124778833499,0.3777338056772205,36.74329851837616,36.7268626862052,0.016435832170955678,0.9774798154830932,0.977317750453949,0.0001620650291441761,1.0969972234059244,1.0995594657573182,0.2330244458064902
20260802,69.png,0.0014427246957848,0.0015071130489603,4.272297504153325,28.408165341236923,28.2185416991613,0.18962364207562388,0.9789444208145142,0.9786165356636048,0.0003278851509093128,3.338477102763988,3.4044648132442807,1.9382697163907447
20260802,7.png,0.0017389784346141,0.0017149974250757,-1.3983116935199873,27.597058037282437,27.65736527677313,-0.06030723949069383,0.954461634159088,0.9537914395332336,0.0006701946258543812,3.5586077715221007,3.5002446119399724,-1.6674023119138865
20260802,70.png,0.0016737292639775,0.0016672773449028,-0.3869733547585718,27.763147904704088,27.77992151016494,-0.016773605460851826,0.9757571816444396,0.9753745794296264,0.0003826022148132324,3.125774680093277,3.1166153096278566,-0.29388838709497855
20260802,71.png,0.0004179605554243,0.0004158738388492,-0.5017667331213628,33.78864702363431,33.81038398703954,-0.02173696340523179,0.9766845107078552,0.977261245250702,-0.0005767345428467907,2.2489233380772444,2.11812583552606,-6.175152597517866
20260802,72.png,0.0014629697898969,0.0014908144752674,1.8677498664282512,28.34764641896917,28.265763990559428,0.08188242840974169,0.9721532464027404,0.9717113971710204,0.0004418492317199707,3.171759871631774,3.175260359474791,0.11024254538912627
20260802,73.png,0.0004415676447965,0.0004276764944419,-3.248050929880394,33.55002756386492,33.68884618376957,-0.13881861990464728,0.9749456644058228,0.9748563766479492,8.928775787353516e-05,1.8872205228003536,1.8081076523986048,-4.375451334260931
20260802,74.png,0.0010256813062188,0.0010735972380818,4.463119889225095,29.889875597416097,29.691586144322887,0.19828945309321,0.9735904335975648,0.9734479784965516,0.0001424551010131836,2.655248538067561,2.666823103636831,0.43402074751360353
20260802,75.png,0.0006609413130313,0.0006603126236233,-0.09521087216994677,31.798371011167443,31.80250399959233,-0.004132988424885298,0.9780707955360411,0.97781640291214,0.00025439262390114514,2.5156992801909723,2.585107457832051,2.6849242738747368
20260802,76.png,0.0020809066400322,0.0020588326654678,-1.0721597211196665,26.817474039922956,26.863789498448853,-0.04631545852589625,0.972840130329132,0.972743272781372,9.685754776000977e-05,4.320807796639342,4.281387968341659,-0.9207254420568709
20260802,77.png,0.0011436816217594,0.0011376559983852,-0.5296524944933039,29.41694857673273,29.43989038984957,-0.022941813116840848,0.9745521545410156,0.9746238589286804,-7.170438766479492e-05,3.339140498463792,3.2998157729047146,-1.191724879975987
20260802,78.png,0.0003629990640026,0.0003657940505258,0.7640874746821038,34.40094494795807,34.3676336240478,0.0333113239102687,0.9762106537818908,0.9758688807487488,0.0003417730331419788,1.8871151440215024,1.894329208337702,0.38082421389310495
20260802,79.png,0.0003203064482261,0.000316482328187,-1.208320243663145,34.9443431828012,34.996505352046285,-0.05216216924508643,0.9796929955482484,0.9797641038894652,-7.110834121681897e-05,1.7446747460398797,1.7192500052076016,-1.4788274395967218
20260802,8.png,0.0018216617690783,0.0018171321130857,-0.2492749954711915,27.395322560451696,27.406134965233623,-0.010812404781926688,0.9706537127494812,0.9703847765922546,0.0002689361572265625,4.167419737795553,4.198565379829493,0.7418162923832848
20260802,80.png,0.0003365646058074,0.0003357073939139,-0.25534495487454967,34.72931557732547,34.74039093364245,-0.011075356316979423,0.9328428506851196,0.9322574138641356,0.0005854368209839977,1.96045999530241,1.917519625811947,-2.2393705343318504
20260802,81.png,0.0006313492061022,0.000643948781779,1.9566114624818318,31.997303613048143,31.911486740615096,0.08581687243304614,0.9735309481620787,0.973183810710907,0.000347137451171764,2.3148013944932053,2.3384185733534157,1.0099637049299577
20260802,82.png,0.0037298478045433,0.003761999049008,0.8546319136677603,24.28308889101643,24.245813185704957,0.03727570531147251,0.9614855051040648,0.961267590522766,0.00021791458129882812,5.862978320235692,5.887317576048716,0.41341842865828343
20260802,83.png,0.0005541148166013,0.000552411187702,-0.3083986959762653,32.56400236986535,32.577375344596724,-0.013372974731375109,0.9790102243423462,0.9788071513175964,0.00020307302474975586,2.2344832467082334,2.275469215265477,1.801209538774709
20260802,84.png,0.0009883905927122,0.0009806726529844,-0.7870046854383806,30.050713967711733,30.08475935257289,-0.03404538486115527,0.9756268858909608,0.9758102893829346,-0.00018340349197376593,3.0909930576486158,3.0258372600278087,-2.1533146703404737
20260802,85.png,0.0004607871231014,0.0004756288410235,3.120441117523968,33.36499665965366,33.22731818650426,0.13767847314939985,0.9788488745689392,0.9788736701011658,-2.47955322265625e-05,2.0553162545518133,2.07791892858584,1.0877553365091788
20260802,86.png,0.0009261075728493,0.0009107686666607,-1.6841714861403334,30.33338564525993,30.40591918911531,-0.07253354385537847,0.9682348370552064,0.968686580657959,-0.0004517436027525745,2.9415066606020197,2.889360800699313,-1.804754182658179
20260802,87.png,0.0003117358498,0.0003240539874871,3.8012609511834357,35.06213250738713,34.89382630180613,0.16830620558100406,0.976221799850464,0.9759045243263244,0.00031727552413962634,1.6138978488590456,1.6535627766130097,2.398755482099666
20260802,88.png,0.0007718557854648,0.0007829385615974,1.4155358640131737,31.12463836228456,31.06272316366192,0.06191519862263917,0.9779770374298096,0.9780827164649964,-0.0001056790351868786,2.752285451504297,2.741596821513512,-0.38986877672569803
20260802,89.png,0.0001724939605502,0.0001686964205495,-2.2511088192210282,37.63226106072637,37.72894132301679,-0.0966802622904197,0.9797441959381104,0.9797272086143494,1.6987323760986328e-05,1.1966635003134165,1.135507639744325,-5.385772708923534
20260802,9.png,0.0001433264621967,0.0001449044248859,1.0889679113957296,38.4367361891855,38.38918352456894,0.04755266461656049,0.9808258414268494,0.9807862043380736,3.963708877574579e-05,1.0941540946447286,1.0760318496964094,-1.6841736565169654
20260802,90.png,0.001282180699271,0.0012907736228089,0.6657188670466178,28.92050764859217,28.89149918063276,0.029008467959410922,0.9712082147598268,0.9711069464683532,0.00010126829147361072,3.3828392879940705,3.3761907341428934,-0.1969247111527597
20260802,91.png,0.0023709696147856,0.0023767904612432,0.24490364432694867,26.25074011696833,26.240091041519456,0.010649075448874612,0.967928946018219,0.967667818069458,0.00026112794876098633,4.6953168431454015,4.74299740578845,1.0052833380186545
20260802,92.png,0.0002911355801736,0.0002946000265815,1.1759830601853634,35.35904715451479,35.30767218307301,0.05137497144178127,0.9769636392593384,0.9766125679016112,0.0003510713577271618,1.536328796712095,1.5154492890855082,-1.3777767277971085
20260802,93.png,0.0006815565794909,0.0007055098555494,3.3951724231898837,31.664980853308062,31.5149691503388,0.15001170296926247,0.9697389006614684,0.9699112176895142,-0.00017231702804576532,2.6066675233246266,2.611428027329228,0.18229504909886213
20260802,94.png,0.0027544459920995,0.0027536293197032,-0.029658036775551174,25.599657386521063,25.60094522772788,-0.0012878412068175749,0.9656068682670592,0.965607762336731,-8.940696717418817e-07,5.273052005432387,5.267345004280347,-0.10834682648282694
20260802,95.png,0.0005353283507727,0.0004977447870428,-7.5507699343656345,32.71379755947557,33.02993279709153,-0.31613523761595985,0.9769083261489868,0.9765502214431764,0.00035810470581043585,1.8420709361553167,1.736978453759567,-6.050304318299661
20260802,96.png,0.0001930464552865,0.0001993201244234,3.14753422668618,37.1433816846945,37.004488503972496,0.13889318072200751,0.9770410060882568,0.976688027381897,0.0003529787063598633,1.2394952389355602,1.2509378364999777,0.9147215177720511
20260802,97.png,0.0009745208629636,0.0009769124613505,0.24481194390681374,30.112088588829558,30.10144350565453,0.010645083175027992,0.9762850999832152,0.9760655164718628,0.00021958351135242804,2.9813622831762143,3.0177484206123584,1.2057379332091775
20260802,98.png,0.0016830579774011,0.0016910088059573,0.47018256369747263,27.73900923339866,27.718541308004056,0.020467925394605402,0.9704729914665222,0.9704148173332214,5.817413330078125e-05,3.938222008544945,3.9171818567119527,-0.5371247137005031
20260802,99.png,0.0002608444891192,0.0002618795626172,0.3952479100146681,35.83618334216182,35.81898393093958,0.01719941122223645,0.977077066898346,0.9767069220542908,0.0003701448440551758,1.369598297829184,1.3695742659577277,-0.001754696481507102
20260803,0.png,0.0001800470205119,0.0001755776180915,-2.5455422331056106,37.446140611071456,37.55530846965478,-0.10916785858332645,0.9803953170776368,0.9804196357727052,-2.4318695068359375e-05,1.0637544404014925,1.055521618765246,-0.7799766001834412
20260803,1.png,0.0004578127300227,0.0004457619018815,-2.703422632202322,33.393121354234275,33.50897052297411,-0.1158491687398353,0.9769155383110046,0.9768940806388856,2.1457672119029603e-05,2.045978971238544,2.0106447631844646,-1.7573570777424194
20260803,10.png,0.0013773307434562,0.0013983601206906,1.5038599087060929,28.60961758501094,28.543809700149826,0.06580788486111544,0.9724931716918944,0.9724363088607788,5.6862831115611634e-05,3.566784734077519,3.6099567316919408,1.1959145447759327
20260803,11.png,0.0014883847648061,0.0014646624662641,-1.619642688223455,28.27284784091571,28.342624476159884,-0.06977663524417466,0.976935088634491,0.9771665930747986,-0.0002315044403076172,3.591207863897697,3.5807277141193667,-0.2926821198106069
20260803,12.png,0.0004203953859953,0.0004206546742438,0.061639217243008394,33.76342059170318,33.7607428091444,0.002677782558777153,0.972256064414978,0.9723891019821168,-0.0001330375671387829,2.130277512604006,2.127523572832066,-0.1294434434056177
20260803,13.png,0.0002976448046838,0.0002885269450197,-3.16014147776647,35.26301693548397,35.39813622622832,-0.13511929074434903,0.98012775182724,0.9802285432815552,-0.00010079145431518555,1.5432903880203674,1.5353577858467664,-0.5166614743954366
20260803,14.png,0.0006826716423517,0.0006524372203795,-4.63407375112868,31.657881370281277,31.85461271199546,-0.19673134171418383,0.9719762206077576,0.9721896648406982,-0.00021344423294067383,2.6887201334304147,2.6093598404304923,-3.0413702154176465
20260803,15.png,0.0002625553538755,0.0002728276861326,3.7651355706280616,35.807791214069915,35.641115602452345,0.1666756116175705,0.9760514497756958,0.975954532623291,9.691715240478516e-05,1.388763560518129,1.3921987809521703,0.2467478409722396
20260803,16.png,0.0010155730046938,0.001039434841743,2.2956549165878344,29.93288851780524,29.83202729765276,0.10086122015247767,0.975092351436615,0.9752718806266784,-0.00017952919006336554,3.114106511942811,3.1336417422797,0.6234034373909395
20260803,17.png,0.0026665354029993,0.0026347327293814,-1.2070550178866388,25.740526459112832,25.792634335982974,-0.05210787687014218,0.9685197472572328,0.9686809182167052,-0.0001611709594724342,4.84252969672715,4.815395479518614,-0.5634888624194242
20260803,18.png,0.0006037755521448,0.0006100227407053,1.0240910942561114,32.191244762476025,32.14653974860109,0.044705013874931865,0.9750221371650696,0.974924385547638,9.77516174315296e-05,2.483553776403027,2.468586210393247,-0.6063213813138633
20260803,19.png,0.0003130086536591,0.0003157643356899,0.8727021133590781,35.044436554744635,35.00636923370588,0.038067321038752766,0.9805908799171448,0.9804706573486328,0.00012022256851196289,1.5964898662665012,1.5990293686881036,0.1588152457566106
20260803,2.png,0.0003657748877499,0.0003752718038685,2.5306767043782163,34.36786114294256,34.25654065174736,0.11132049119520104,0.9799591302871704,0.9804137945175172,-0.0004546642303467907,1.744093392739692,1.7292150352694444,-0.8604110632157002
20260803,20.png,0.0020525939976101,0.0020045593264347,-2.3962708682129357,26.876969454345165,26.97981085952754,-0.1028414051823745,0.969390034675598,0.9693704843521118,1.9550323486217103e-05,3.986663513555646,3.9416960776463577,-1.1408143860786728
20260803,21.png,0.0004020927598089,0.0003922822108924,-2.5008905946007722,33.956737468507086,34.0640138569258,-0.10727638841871112,0.9773067831993104,0.9773030877113342,3.695487976185241e-06,1.890749608006019,1.893106825162583,0.12451580255443667
20260803,22.png,0.0002662106303882,0.0002551845936575,-4.320808154076404,35.7477460616125,35.931455489614194,-0.18370942800169132,0.9816223978996276,0.9817743897438048,-0.0001519918441772461,1.5076075371428277,1.494815963965744,-0.8557289649989939
20260803,23.png,0.0011773657276645,0.0012080736203888,2.541889186721688,29.290886103641647,29.1790659886522,0.11182011498944533,0.9726813435554504,0.9726086258888244,7.271766662608758e-05,3.564836296632482,3.666987006383916,2.78568507533837
20260803,24.png,0.0015361903014401,0.0015679643318912,2.026451099992547,28.13554981084435,28.04663820885635,0.08891160198799852,0.978002905845642,0.978531301021576,-0.0005283951759340599,2.781535322473373,2.775693297992942,-0.21047082127753935
20260803,25.png,0.0012258404539453,0.0012378365734583,0.9691198151856926,29.1156605060069,29.073366896699483,0.04229360930741777,0.975656270980835,0.9759379625320436,-0.0002816915512086071,3.3358494400883067,3.3311610425301974,-0.1407436475826535
20260803,26.png,0.0006667080448299,0.000678623858169,1.7558789299347852,31.760643044301847,31.683708760657787,0.07693428364406074,0.9810282588005066,0.9812358021736144,-0.00020754337310779913,2.354404249466092,2.367153677063671,0.5385973762968365
20260803,27.png,0.0012268609975973,0.0012385658872315,0.9450356864230404,29.112046397148468,29.070808855658612,0.041237541489856255,0.9765713810920716,0.9768187403678894,-0.00024735927581776007,3.123967932227844,3.1065383661125225,-0.5610607068449877
20260803,28.png,0.0006442086057094,0.0006385748141525,-0.8822445596099845,31.909734779218685,31.9478821434382,-0.03814736421951537,0.9750542044639589,0.9751698970794678,-0.00011569261550892218,2.5120765198635016,2.4991348721081104,-0.5178451111153696
20260803,29.png,0.000357619818277,0.000355319301533,-0.6474505421108859,34.46578421839589,34.493812002742445,-0.028027784346555507,0.9708999395370485,0.9710183143615724,-0.00011837482452392578,2.375322911672252,2.361823621578768,-0.5715621594325758
20260803,3.png,0.0002206353523078,0.0002272140023041,2.895354128525598,36.56324899501863,36.43564908277719,0.1275999122414433,0.9770161509513856,0.9771115779876708,-9.542703628517835e-05,1.7758975921898623,1.854876727893288,4.2579183034512385
20260803,30.png,0.0001872068147301,0.0001834660225639,-2.038956376730252,37.27678346058293,37.364443541873,-0.08766008129007474,0.9750927090644836,0.9750857353210448,6.9737434388317254e-06,1.3641876283260883,1.3463151878052664,-1.327507903253858
20260803,31.png,0.0002155736601441,0.0002070712107321,-4.106050948337814,36.66404304491206,36.83880277201549,-0.17475972710342802,0.9764187335968018,0.9764594435691832,-4.0709972381480775e-05,1.485084843389339,1.4166996704230466,-4.827076224692829
20260803,32.png,0.0010345999339529,0.0010104689068701,-2.3881018919765786,29.85227553651527,29.95477045614741,-0.10249491963214297,0.9774696230888368,0.9776880741119384,-0.0002184510231015846,3.009732161410637,2.9857545026676577,-0.8030686622612833
20260803,33.png,0.0017290383144847,0.0017450991446726,0.9203391243947462,27.62195382905976,27.581798943431576,0.04015488562818348,0.9711030721664428,0.9710690975189208,3.3974647521972656e-05,3.951423391735666,4.011885986633627,1.5070865697431015
20260803,34.png,0.0015299665330409,0.0014883371312367,-2.7970411360770786,28.153180689697308,28.272986832713244,-0.11980614301593562,0.9767537117004396,0.9770416617393494,-0.0002879500389098011,3.7092457593063743,3.674732700001776,-0.9391991777954749
20260803,35.png,0.0015656866904139,0.0015801964092762,0.9182224929207428,28.05295140258769,28.01288929397783,0.040062108609863145,0.9718297719955444,0.9719686508178712,-0.00013887882232677118,3.696068216720936,3.6832312915425303,-0.3485234611218205
20260803,36.png,0.0006394482216465,0.000645429110754,0.9266531378656062,31.94194616101053,31.90151450530016,0.04043165571037122,0.9755138158798218,0.9755076169967652,6.198883056529603e-06,2.472589066345178,2.479064415109684,0.2612013114721618
20260803,37.png,0.0003110473056982,0.0003060657551683,-1.6276079390720168,35.0717355617775,35.14185259665649,-0.07011703487899013,0.9735113978385924,0.9735354781150818,-2.4080276489368835e-05,1.681665307279634,1.6496088937545037,-1.943273562994071
20260803,38.png,0.0004932079076048,0.0004796014991238,-2.837023759487407,33.06969968974923,33.19119468066518,-0.12149499091594862,0.9751303195953368,0.9752224683761596,-9.21487808227539e-05,2.146939861903045,2.1039842400972035,-2.04163229872183
20260803,39.png,0.0002300443234019,0.0002372257477418,3.027253326530284,36.38188478963472,36.248381757827445,0.13350303180727252,0.9757346510887146,0.9757639169692992,-2.9265880584605775e-05,1.4828249978213228,1.4940991607379766,0.7545792951978576
20260803,4.png,0.0012398273721486,0.0012385631204074,-0.1020740663410063,29.066387797912583,29.070818557344857,-0.004430759432274556,0.9725691080093384,0.9725427627563475,2.634525299083368e-05,3.3564163300637624,3.3674648992903102,0.3280975320299944
20260803,40.png,0.0021956714860981,0.002189892126067,-0.26391071789822,26.584326380140595,26.59577277948788,-0.011446399347285308,0.9716609716415404,0.9715272784233092,0.00013369321823120117,4.502305387014308,4.5432922674601945,0.9021405190997932
20260803,41.png,0.0004907496105251,0.0004752322694912,-3.265211987921919,33.0914003639808,33.230940773152255,-0.1395404091714525,0.9807575345039368,0.9809532165527344,-0.00019568204879760742,2.0910496786601853,2.076913705716349,-0.6806239905360213
20260803,42.png,0.0003476162493413,0.0003383890927059,-2.7267890231377825,34.58899930628627,34.70583644019374,-0.11683713390747386,0.9755117297172546,0.9754788875579834,3.2842159271240234e-05,1.8047767244175803,1.764065654698858,-2.307797876472576
20260803,43.png,0.0006069467718233,0.0006146969494982,1.260812776316326,32.168493941257914,32.113389421083255,0.055104520174658944,0.9743792414665222,0.9743516445159912,2.759695053100586e-05,2.340721181226712,2.356085017134492,0.6520917452488798
20260803,44.png,0.0007153042672779,0.0007259020326768,1.4599443067847986,31.45509184084981,31.391219874800225,0.0638719660495859,0.9792295694351196,0.9795880317687988,-0.0003584623336791992,2.286278820176032,2.259891979436118,-1.1676151329364723
20260803,45.png,0.0035072128199101,0.0034650032980645,-1.2181668591535662,24.550378800528197,24.60296347681169,-0.0525846762834945,0.9662731289863586,0.9664971232414246,-0.00022399425506591797,5.6078517318830485,5.557237284186691,-0.910784353951969
20260803,46.png,0.0040065554519565,0.0039620214116935,-1.1240232102623793,23.972288421124883,24.02083181761824,-0.048543396493357704,0.9639692902565002,0.9642531275749208,-0.0002838373184205212,6.004099554510331,5.964038523382782,-0.6717097981591613
20260803,47.png,0.0009507189230983,0.0009565164735553,0.6061108843688809,30.219478618117208,30.193075459580854,0.026403158536354,0.9763305187225342,0.9764766097068788,-0.00014609098434459344,2.92663631800731,2.923222014465612,-0.11679932365049635
20260803,48.png,0.0002587308334294,0.0002609308608017,0.8431457151294625,35.87151812526782,35.8347455300669,0.03677259520092235,0.978563666343689,0.9784886240959167,7.50422477722168e-05,1.43068362306017,1.446534422221596,1.0957775299313026
20260803,49.png,0.0022205252254202,0.0022363731545525,0.7086442215619952,26.535442888273483,26.50455729657708,0.03088559169640348,0.967486560344696,0.9673606157302856,0.0001259446144104004,4.5909546730278645,4.615526936548145,0.5323826262545307
20260803,5.png,0.001082889036103,0.0010647238770026,-1.7060910807728327,29.65416043353555,29.72763006537417,-0.07346963183861988,0.9769698977470398,0.977005660533905,-3.5762786865234375e-05,2.93353917462983,2.906134815513044,-0.942983063638358
20260803,50.png,0.000904747346631,0.0009082035933521,0.38055858250277597,30.4347268188118,30.418167841241704,0.016558977570095834,0.972806990146637,0.9727647304534912,4.225969314575195e-05,3.055500275377666,3.075652239093356,0.6552094368650269
20260803,51.png,0.0006594880437678,0.0006557030126268,-0.5772477887263112,31.807930736167872,31.832928209633444,-0.024997473465571574,0.972748637199402,0.9728846549987792,-0.00013601779937721936,2.376943227184897,2.351620302631261,-1.076828794397708
20260803,52.png,0.0006299706980296,0.0006346688771152,0.7402567315030364,32.00679650514627,31.974527980914264,0.03226852423200555,0.9772273302078248,0.9772030711174012,2.4259090423583984e-05,2.457756712179445,2.5196741911918368,2.4573605281524125
20260803,53.png,0.0015906993839557,0.0015552478451902,-2.2794784043674055,27.984118871195356,28.082003917037444,-0.09788504584208724,0.9750243425369264,0.9754636883735656,-0.00043934583663918225,3.4951271846677296,3.45500196529208,-1.1613660362204083
20260803,54.png,0.000231119709006,0.0002182506333839,-5.8964665634960385,36.36163017966948,36.61044487256905,-0.2488146928995647,0.9816652536392212,0.9818642735481262,-0.0001990199089050293,1.3588981475013966,1.337437348623285,-1.604620874406024
20260803,55.png,0.0003570565689306,0.0003655644382386,2.3273241098049544,34.472629726043266,34.3703605863809,0.1022691396623685,0.9800788164138794,0.9799065589904784,0.00017225742340098993,1.7777990431861652,1.787802149079588,0.5595197376047774
20260803,56.png,0.0004757122481326,0.0004745178771136,-0.2517020067326322,33.226556666840985,33.23747421201817,-0.010917545177186128,0.9787231087684632,0.9787595868110656,-3.647804260231702e-05,2.057426432982977,2.038615621240476,-0.9227247915943472
20260803,57.png,0.0017336743001628,0.0016995491638075,-2.0078934509225626,27.61032488709898,27.69666267820254,-0.08633779110355988,0.974250555038452,0.9743258953094482,-7.534027099620477e-05,3.801159158394509,3.79204504768442,-0.24034816558032177
20260803,58.png,0.0002725532666114,0.0002670625191584,-2.0559783043697344,35.64548608489226,35.73387058683495,-0.08838450194269143,0.9810874462127686,0.9812825322151184,-0.00019508600234985352,1.3899309566791356,1.383399127754369,-0.4721579473141345
20260803,59.png,0.0001379435878526,0.000141180306976,2.2926137453081443,38.60298482389919,38.50225878129062,0.10072604260857076,0.975677728652954,0.9754684567451476,0.00020927190780639648,1.088395309726769,1.1687748277986858,6.877245827009013
20260803,6.png,0.0009181275593098,0.0008868150545799,-3.5308945837340726,30.37096976254245,30.521669429081243,-0.15069966653879163,0.9778571724891664,0.9781249165534972,-0.00026774406433083264,2.760334838826927,2.72942053475248,-1.1326325013250682
20260803,60.png,0.000196573462909,0.0001945129722378,-1.059307586272946,37.06475111580387,37.110514298988384,-0.045763183184512,0.98162579536438,0.981716513633728,-9.071826934803351e-05,1.1321482407324353,1.1258983024080746,-0.555106825456013
20260803,61.png,0.0006872512858255,0.0006844379689334,-0.4110404477536848,31.628844389324232,31.646659061430483,-0.017814672106251095,0.9751752614974976,0.97515469789505,2.0563602447509766e-05,2.4996482715096344,2.4931244404571307,-0.261672901145182
20260803,62.png,0.0001475160363682,0.0001471289380201,-0.2631014355905433,38.31160765260777,38.323018997642826,-0.011411345035057252,0.9772670269012452,0.9770124554634094,0.0002545714378358044,1.1491742145252135,1.1328081780923265,-1.4447314867065837
20260803,63.png,0.001058045969476,0.0010883358175339,2.783134357053027,29.7549546287166,29.632370778006912,0.12258385070968814,0.9655237793922424,0.9650464057922364,0.0004773736000059925,3.2424560349678506,3.290827946073714,1.4699009458569872
20260803,64.png,0.0004329294175678,0.0004443722866611,2.575063620478856,33.63582902860148,33.522530337218086,0.11329869138339177,0.97141295671463,0.9709640741348268,0.00044888257980324475,2.052856730325521,2.1278561430958414,3.52464676776517
20260803,65.png,0.001676575252322,0.0016275204855198,-3.014079837313547,27.75576948686247,27.8847353628221,-0.12896587595962927,0.975834846496582,0.9761245846748352,-0.00028973817825317383,3.668214539030849,3.6133888192007135,-1.5172936701083595
20260803,66.png,0.0008315484034173,0.0007842880024126,-6.025898759042485,30.801124659570824,31.055244285266056,-0.25411962569523183,0.9791436195373536,0.9793804883956908,-0.0002368688583371803,2.588823051389105,2.5300513371886613,-2.322945520376265
20260803,67.png,0.0004453050052124,0.000441944269729,-0.7604432761309105,33.513424233868164,33.54632492811834,-0.0329006942501735,0.9750983715057372,0.9745817184448242,0.0005166530609129749,2.1137793382628858,2.140396491073546,1.2435617850088052
20260803,68.png,0.0001674168067962,0.0001579569943996,-5.988853125850546,37.76200945790172,38.0146113859773,-0.2526019280755776,0.982880473136902,0.9831371903419496,-0.0002567172050476074,0.995687093193922,0.9548174501285692,-4.280361974935582
20260803,69.png,0.0015240350145827,0.0015458328079965,1.4101003226895763,28.1700505500076,28.10837479687453,0.06167575313306983,0.9734647870063782,0.9734280705451964,3.671646118175165e-05,3.488287958089868,3.496741798067551,0.2417633461628405
20260803,7.png,0.0019920911813811,0.0019673113054244,-1.2595808242638171,27.006907870647275,27.06126912307083,-0.05436125242355416,0.9467434287071228,0.9466751217842102,6.830692291259766e-05,3.8647637633975824,3.8277003709938286,-0.9682939836309757
20260803,70.png,0.0014203026139393,0.0014745622907945,3.6797141222134924,28.476191136716917,28.313368765696588,0.16282237102032937,0.977247953414917,0.9773255586624146,-7.76052474975586e-05,2.9473334446205395,2.9852730226152264,1.2708913961058832
20260803,71.png,0.0004348393875606,0.0004021179736746,-8.13726717733803,33.61671124600662,33.956465145786204,-0.3397538997795806,0.9703591465950012,0.9704062938690186,-4.7147274017333984e-05,2.19180844325024,2.104821388392716,-4.132752324602187
20260803,72.png,0.0012340531644464,0.001184876506733,-4.150361445598434,29.08666129988072,29.26326911459103,-0.17660781471030873,0.9707772135734558,0.9722892045974731,-0.001511991024017334,3.353096079433603,3.150392761362822,-6.434223711937869
20260803,73.png,0.0002712635780346,0.000262466658019,-3.3516333396385822,35.66608514091124,35.8092585857432,-0.14317344483195882,0.9773350954055786,0.977300465106964,3.4630298614612975e-05,1.530246299793974,1.4836789524534464,-3.138640422412331
20260803,74.png,0.0009852138541879,0.0009716939221754,-1.391377645157238,30.064694896921893,30.124705137196152,-0.060010240274259274,0.977666974067688,0.9781765341758728,-0.0005095601081848145,2.700395937837978,2.685459627291856,-0.5561919603752988
20260803,75.png,0.0005562734268174,0.0005640145190993,1.3724987601847576,32.54711685811822,32.487097160812475,0.060019697305747854,0.9753115773200988,0.9752801656723022,3.141164779651984e-05,2.2641416043495264,2.30497078578636,1.7713535324875862
20260803,76.png,0.0017894147193187,0.0017444214244641,-2.5792674994473956,27.47288994570337,27.583485880904423,-0.11059593520105437,0.9769743084907532,0.9774318337440492,-0.00045752525329600946,3.90778189389402,3.853676179204735,-1.4040026243318262
20260803,77.png,0.0013629018337904,0.0013199485360701,-3.2541645788846663,28.655354241201834,28.79443001321769,-0.13907577201585397,0.9693378210067748,0.969570815563202,-0.000232994556427224,3.6991402539697935,3.601312724103994,-2.716440847000834
20260803,78.png,0.000203839598522,0.0001966232602655,-3.670134574493271,36.90711444720612,37.06365107015386,-0.1565366229477405,0.9804743528366088,0.9805080890655518,-3.3736228942982116e-05,1.1976461508252625,1.1825605192377806,-1.2756752269393645
20260803,79.png,0.0004947894017663,0.0004736848393164,-4.455401714008215,33.0557961139474,33.24510515011482,-0.18930903616741546,0.9748330116271972,0.975017249584198,-0.00018423795700084344,2.2582115603540363,2.1821192231639093,-3.487084316126357
20260803,8.png,0.0017549397535585,0.0017754915046182,1.157524606918324,27.55737788113356,27.50681401372067,0.05056386741289032,0.968876302242279,0.9687016010284424,0.00017470121383666992,4.036619987343577,4.088934156449205,1.279408449830782
20260803,80.png,0.000374879760789,0.0003676373422624,-1.9699899041895361,34.261080058705,34.34580382174736,-0.08472376304236207,0.9092925786972046,0.9100044369697572,-0.0007118582725526013,2.044390742758787,1.9615574598368304,-4.222832347151678
20260803,81.png,0.0005973930987801,0.0006071294333525,1.6036670333436331,32.237397987707205,32.16718712222165,0.07021086548555644,0.9756315350532532,0.9756116271018982,1.990795135498047e-05,2.3721202697804618,2.385571649925649,0.5638640174822017
20260803,82.png,0.0035373790447118,0.003511970435552,-0.7234858500682799,24.513184012520416,24.544491487256824,-0.03130747473640838,0.96268892288208,0.96285480260849,-0.00016587972641002313,5.630143452483177,5.613198117098732,-0.30188379299897017
20260803,83.png,0.000477325907504,0.0004881841740201,2.2242151822916125,33.21184993078363,33.114163036716675,0.0976868940669533,0.9770259261131288,0.9771268963813782,-0.0001009702682494007,2.076899861168533,2.1264368718633504,2.3295782419070457
20260803,84.png,0.0011186202163273,0.0010613288388788,-5.398079779780896,29.513173361251845,29.74150034775515,-0.22832698650330485,0.9694894552230836,0.9699246287345886,-0.00043517351150501593,3.362205892487483,3.197859646156586,-5.139257644669305
20260803,85.png,0.0006190471159419,0.0006237679000935,0.7568174237392317,32.082762953823305,32.049769783620555,0.03299317020275083,0.9747745990753174,0.9747579097747804,1.6689300536998353e-05,2.366855268110869,2.366833469623079,-0.0009209979523338579
20260803,86.png,0.0006832538745318,0.0006852074507637,0.28510726637933853,31.654178968720142,31.64177923278031,0.01239973593983379,0.9709244966506958,0.9712424874305724,-0.00031799077987659796,2.6318044152634585,2.588867524464904,-1.6585201982256406
20260803,87.png,0.0003095731456006,0.0003141698137014,1.4631157738053269,35.09236719899027,35.02835545498045,0.06401174400981802,0.9806340932846068,0.9809740781784058,-0.00033998489379893915,1.6071255085101817,1.6197353800116567,0.7785142966614911
20260803,88.png,0.0006888795967957,0.0006606283492777,-4.276420705967066,31.61856677971408,31.800427935408564,-0.18186115569448447,0.9732516407966614,0.9733969569206238,-0.00014531612396240234,2.647762250807983,2.5665379966158843,-3.1647399843367654
20260803,89.png,0.0001456860787738,0.0001340236442808,-8.70177389637713,38.36581945831742,38.728185771960376,-0.36236631364295846,0.9772656559944152,0.9775660634040833,-0.00030040740966807977,1.2332832015710389,1.0984277174590091,-12.277137764148076
20260803,9.png,0.0001489546591252,0.0001401089574578,-6.313444784616476,38.26945908019516,38.53534098474606,-0.2658819045508949,0.9766975045204164,0.9768465161323548,-0.00014901161193847656,1.1618351396024698,1.076156534904312,-7.9615373711200785
20260803,90.png,0.0017201267583101,0.00172124962737,0.06523568935294892,27.64439548205125,27.641561407545687,0.002834074505564388,0.9696646928787231,0.9699225425720216,-0.00025784969329845087,3.936370154213968,3.9141510141859466,-0.5676617981138998
20260803,91.png,0.002128157891813,0.0021501423136436,1.0224635686251644,26.7199615410285,26.675327940450085,0.0446336005784147,0.9693558812141418,0.9694036841392516,-4.780292510975226e-05,4.409516316872822,4.460674566518439,1.146872493896056
20260803,92.png,0.0002053008462465,0.0002066806856951,0.6676189620522095,36.87609260471363,36.84700106284909,0.02909154186453833,0.9823716878890992,0.9826151132583618,-0.0002434253692625843,1.2489398643431122,1.253975611115628,0.4015825130789872
20260803,93.png,0.0007071358995781,0.0007038047015194,-0.4733128453828784,31.50497114116597,31.525478363398197,-0.020507222232225786,0.9699006676673888,0.9703699946403505,-0.0004693269729616478,2.778877554412263,2.7637241545003746,-0.5482963951815832
20260803,94.png,0.0022396031613085,0.0022128463118325,-1.2091598649633413,26.49828928148881,26.55048747952924,-0.052198198040432686,0.9702054858207704,0.9705122709274292,-0.0003067851066588245,4.565819713234318,4.536254612297919,-0.6517513557604918
20260803,95.png,0.0004874212410525,0.0004916489173784,0.8598974138788151,33.120955488671065,33.08344912826645,0.037506360404613304,0.9793714284896852,0.9797305464744568,-0.0003591179847716175,1.7871504458034009,1.774336439514947,-0.7221858269425411
20260803,96.png,0.0001568448946542,0.0001522531970016,-3.0158300403713483,38.04529613144467,38.1743357931518,-0.12903966170712522,0.9783527255058287,0.978396475315094,-4.374980926524774e-05,1.0788026268947797,1.0629871032599807,-1.4878377720948603
20260803,97.png,0.0008808844000137,0.0008982493499438,1.933199276034711,30.55081081066041,30.46603088418796,0.08477992647245003,0.9755496382713318,0.9756130576133728,-6.341934204101562e-05,2.849809344847714,2.9010784137541874,1.7672417492544732
20260803,98.png,0.002085235363174,0.0020642020093002,-1.0189581145176023,26.808449185516995,26.852478035412283,-0.044028849895287436,0.967684268951416,0.9680579900741576,-0.0003737211227415882,4.41000960090444,4.341121281414863,-1.586878481937373
20260803,99.png,0.0002527801586198,0.0002557033525882,1.143197356941845,35.97257017969201,35.92263577796739,0.04993440172462016,0.981627345085144,0.9817870259284972,-0.00015968084335316046,1.4452249429364663,1.4465137879704844,0.08910008634112981
