"relative_path","bytes","sha256"
".gitignore","120","4e294323186bbf22bb7d1405078237dd728039e7f56b91084746a4e607e483b5"
"efficiency/EFFICIENCY_RAW_LATENCY.csv","23690","9eb23c6ec58598a54b0ea6f372401ef867e421e09af19de5795af0eef0a2336a"
"efficiency/EFFICIENCY_REPORT_ZH.md","1759","0dddbe0bd8af6cc3c32110861e436975669ce22e8261f72983dc3bc2938f4b6f"
"efficiency/EFFICIENCY_RESULTS.json","2786","658f246c54901001b4c023d1fcb35e1b4c6e1a479b77900af6ac457bd5339c95"
"efficiency/INDEPENDENT_AUDIT.json","954","30ff8c612a9441251b7f94c185aa7f20d70c476b33441fa8fdd1d3c3fb66284d"
"efficiency/PRE_RUN_LOCK.json","2337","0582e5662c0106af96a7f04594949ee11131422cb5bc7bf1b1cd05bfbea8bc54"
"efficiency/PREREGISTRATION.json","1467","bee6b099f3a8b5463d9b597bc862add00c56c153b3eba240e62c3e4c93b2e98e"
"efficiency/run_benchmark.py","10013","f45f5c48b695b022703f8d53c87299963e90d0720a8c49da081d247e1604f0a7"
"environment/environment_wtnet.yml","3485","791f081aa23c971e528771a36d134cc41abef77b8188d5d30da4923dad6a9452"
"environment/requirements_wtnet_frozen.txt","4599","403ad7267d6f878368646ce2f90c419005f77e759ce74d11b602d5f397f424e4"
"environment/RUNTIME_IDENTITY.json","396","2d0466347a85d3a1438f46c84515e13ac4aa1a7bd57be018169c31ad8f8cdcfb"
"manifests/cec_dev40_manifest.csv","12575","9b2e0de33d71c8e70c6400b6ad9ef6728508f110f622a17e2f45ea8f18231fd8"
"manifests/cec_train360_manifest.csv","112443","0739c644764c7d0c28c6302110725f1b819830d8277cc77fe714f9351a654fed"
"posthoc_lpips/audit_posthoc_lpips.py","4123","ac00970d48a3336a6a00d2ae03b6130bd6f34cda3595374aa8d7ff6799635e90"
"posthoc_lpips/FINAL_ARTIFACT_HASHES.json","1831","fe40fd138c143afd4f3e9ea4a5ddb4658d3eae4e36f26c4184e75e2c0b4dd8a2"
"posthoc_lpips/FINAL_COMPLETE_HASHES.json","3998","8229d27af6e38e9182b626c6c83099dc4365096eff3e9ffa7730b1141531b7d2"
"posthoc_lpips/INDEPENDENT_AUDIT.json","835","c4ce44779b207691c6f2539ac25d6e857a89615411d4ffd0ac193dbab9495726"
"posthoc_lpips/MANUSCRIPT_TEXT_ZH_EN.md","2570","203b3cd2d42bf5f0ec0a06ff6e914fff92e9aa91c54f7eca5c43aea4dfac0cc9"
"posthoc_lpips/POSTHOC_ACCESS.json","389","6bb1fca10ceda1ba1c6f95588ff9962c27a54ccd7fcd6d91d516e48c4b9b50fa"
"posthoc_lpips/POSTHOC_LPIPS_ANALYSIS.json","4811","73cbfbbf33761ec37a9093060bd474feeb6faa87e4486d5c89036b48337a42fa"
"posthoc_lpips/POSTHOC_LPIPS_COMPARISONS.csv","1240","6e287ac4bc027c7226f37e268ed52e1c12108e217b1215cd52955b4cadfe60d2"
"posthoc_lpips/POSTHOC_LPIPS_GROUP_SUMMARY.csv","989","5bb3c1a36212037eee5dd0663477d71acae290a82cfa76ad7346ce5701e4847e"
"posthoc_lpips/POSTHOC_LPIPS_PER_IMAGE.csv","83439","5ce65abd6fa8d46e5b08883014a6683942315c0a578dbc897173794f7f1286c4"
"posthoc_lpips/POSTHOC_LPIPS_REPORT_ZH.md","1729","b0fdeaeb0837ab8b5f1afc80cd30c2c3244c403b10ef7d3a8076c853b57c2bad"
"posthoc_lpips/PRE_RUN_LOCK.json","949","1453b5286f5eb4ae4f8dc30898ee36c3c23407cf3a44b6c832496f17a83e5ab0"
"posthoc_lpips/PREREGISTRATION.json","2574","8cc058531982b772217931ab2ed6ae838a0d9ed13d49ee523ddb6eb6b4361cef"
"posthoc_lpips/run_posthoc_lpips.py","14973","dec7d05712875589746c86ada4538dcab4b6cfb982279054dc2f57686718095c"
"protocols/BOSR_TRAINING_PREREGISTRATION.json","2671","debc30229c8b616c19e86b03ee375a314d8177556cfa9a40bd89a973848d8c9f"
"protocols/DEV40_EVALUATION_PREREGISTRATION.json","2949","a8e76fcbad779c695eaf4580c4c4273d4efbfbfe3e803ab5d8918e67ae54900f"
"protocols/FINAL_MODEL_SELECTION_LOCK.json","1343","b7ef85ae5adeff1cd2249bd6cd9efb3558a6c33ec1fe4742ebd978b841727fa5"
"protocols/PUBLIC_TEST_FINAL_ARCHIVE_HASHES.json","4369","d335162988866d3939c4780445f48fe9d503726ef27341126b728b38d1e83a50"
"protocols/PUBLIC_TEST_PREREGISTRATION.json","2945","c96bcb5194048dc8aaf9bc076bd59861ac4d729a6f49386cebf1459b2149d8cc"
"README.md","1787","db277b0dea956bfa0a9f82311f8fc5d6213924c0822f42818d947b980bd8f992"
"src/bosr/analyze_dev40_locked.py","9194","0dae90f73c620f5c004c92ba14fde900f99daff8bc6b528c219e83476be3a096"
"src/bosr/evaluate_dev40_locked.py","8866","50fd058a09f3de3d3eb085c9d797db382255470c657e8de9906708e9904ce114"
"src/bosr/formal_bosr_head.py","2462","c5263e0e5f02052d026cb7c395591ad9b203a23283ed7c890b9fca856618b1a0"
"src/bosr/train_formal_head.py","7701","b19b781cd173dbd0ddbf37c76456fae3ff10ce3bee84b4856aafa1ce95361bf6"
"src/ecf/formal_common.py","6399","e77bf2e2e05d32ebe73c5fef35a75e87bf5ca5070a60152dba15c459753f4dd9"
"src/ecf/formal_heads.py","3010","e381783d5175093d26b56998bbbcee1cfc2fe649a29a8ad54aae3093182ab659"
"src/figures/build_figures_and_payload.py","16859","1b9600d67bc7578596899807db33e1391f4e948acce4c09522588ecb28ddc739"
"src/figures/FIGURE_CONTRACT.md","1559","88fe85038c4c5e67a5188ace25876b54ddaeef9b47cd3719bac95b9326fa927f"
"src/metrics/complexity_core.py","3409","83588acfe8132b819a50dec11f9724f2099ae065ceee9448970a0522a6430fe4"
"src/metrics/metrics_core.py","6515","46180684d515e13fbb3dac4985f5929b8c606c852c27e1b46c8345ecd055454f"
"src/metrics/statistics_core.py","5507","bd69b511d5224ac27d10c110a78f3e27f02c4579e6b402637709fa23146368c9"
"src/public_test/analyze_public_regions.py","2464","267211d12d42f96d22e4040420cea764760bf086a2a953b2ee105d6e422b6199"
"src/public_test/analyze_public_test.py","6276","66e294b43f373da679885b9a92c38982c3ef54b0108ecbc66aa71acc73421fd5"
"src/public_test/evaluate_public_test_once.py","9142","c44ef4fc6ae481ff8001376b91326c2e75c4d8326bc14e2b54c793e91ee5ab44"
"src/public_test/test_public_protocol.py","1323","8bc699ab3aa7cf1f4b000aa9ca144a27cf59dc9fd0bd495ca70f62ba7b47678a"
"src/wtnet/WTNet_arch.py","13709","1a83e20d9447615ccce1cf45418c03ec7eec701150673bfef8bfcaf133013902"
